type,name,module,path,hash
"yaml","manifest","_config","_config/manifest.yaml","11f04c5d85bb7468601986d3e36a431dceadefbf60b8c4aa2b4f791d831c1398"
"csv","module-help","automator","automator/module-help.csv","dc252e3fc010927699f8a62a466b4f842362ee47995b370c8190d110f949f370"
"file","LICENSE","automator","automator/bmad-story-automator/LICENSE","9996844edcb5b44b00645c0753bdb25ca7af86a035a1484df8cb6789ac2893f9"
"file","story-automator","automator","automator/bmad-story-automator/scripts/story-automator","270ba143dce6f3bd65d638c0df333ce4fd8fe47c57da83c70f65b7e713d440ae"
"json","agent-config-presets","automator","automator/bmad-story-automator/data/agent-config-presets.json","80032d59ad310076c25b1dfb5296571df898b744b8cf510f297b25207fa50d79"
"json","auto","automator","automator/bmad-story-automator/data/parse/auto.json","4e3e3d87398efe672df12481fbc1d9e0af5c55d230dd2776980a714b6272db18"
"json","complexity-rules","automator","automator/bmad-story-automator/data/complexity-rules.json","ca75e6a330281b655145eb73499f12c3b1b6b2c2eb0e2f8a503c83cfaca4154b"
"json","contract","automator","automator/bmad-story-automator-review/contract.json","1529aecec29e9b715d5fa8b2987a1cd86cc68e98169b83557d930cd301e31c38"
"json","create","automator","automator/bmad-story-automator/data/parse/create.json","bc7501be6e046fa6ece93136ba465abc4f9da97d2a0e0fd12dff3e57706c53af"
"json","dev","automator","automator/bmad-story-automator/data/parse/dev.json","569474b27f4ec5abd1b42bdf9aa96dcf7445ec1609161c15df7ebf91c8e4b9e9"
"json","orchestration-policy","automator","automator/bmad-story-automator/data/orchestration-policy.json","b678b103736908853d9dd8f819af3a5e86e966576f3fa5cce5cd4c0dd99df966"
"json","retro","automator","automator/bmad-story-automator/data/parse/retro.json","f1e0d8d995122a24b257e32edbc94d80fb109a9a89495d92cf92d79bd6ca7f8b"
"json","review","automator","automator/bmad-story-automator/data/parse/review.json","17bebfecbabc1e5f4c752d2fb653dc5b2b9aa7a2dfbd9adbc0abc16a133cc480"
"md","adaptive-retry","automator","automator/bmad-story-automator/data/adaptive-retry.md","cef69bb4b690c9979b08668ac41e58fc3d37f5a5ed9b23c1b30997f696ee3122"
"md","agent-config-prompts","automator","automator/bmad-story-automator/data/agent-config-prompts.md","c9762649bfb4ef4e09e890e9f29b532809068abb6ac0fb5454e7dae8f4469dfd"
"md","agent-fallback","automator","automator/bmad-story-automator/data/agent-fallback.md","5b081edfac759b237df33c6632f39a47c5d9b41dff0d5f58d75219a154a3e143"
"md","agent-fallback-troubleshooting","automator","automator/bmad-story-automator/data/agent-fallback-troubleshooting.md","f98fa6d87a3bce9bafdfc469c062f6555a2a3638f54904008a56b1fa57b8a927"
"md","auto","automator","automator/bmad-story-automator/data/prompts/auto.md","dbe61f3c546a643cc2a31393d171214e05d0dbafc9d07961855b4e08efb532e5"
"md","checklist","automator","automator/bmad-story-automator-review/checklist.md","e30d2890ba5c50777bbe04071f754e975a1d7ec168501f321a79169c4201dd28"
"md","code-review-loop","automator","automator/bmad-story-automator/data/code-review-loop.md","bb12c2e2732c2f5a4f1b5fcc02c52fd2fa968c4b26221705dc4d473c6b0ef25f"
"md","complexity-scoring","automator","automator/bmad-story-automator/data/complexity-scoring.md","28f68cd0e423a305b8f34a5dc16a4e6a3063f9f9b9eb6e58bfa48f1106c764d4"
"md","crash-recovery","automator","automator/bmad-story-automator/data/crash-recovery.md","33f4e177a19264c7d069b8d3c4679cf63969907333fd2d1a407a13017acda072"
"md","create","automator","automator/bmad-story-automator/data/prompts/create.md","3ccb62fbecaa5d41aa879c7cb14d91f4f7c63342706f87f4f522ef48aa85a3c4"
"md","data-file-index","automator","automator/bmad-story-automator/data/data-file-index.md","aa8245977610e67513cd7a24d6ac4d7ecd3802b58143724083abbdffac7d6eca"
"md","dev","automator","automator/bmad-story-automator/data/prompts/dev.md","3ad4c5176d6dcef5e4f88e6b9ed8a5fafbaebbddfdd32d013bceb33a3c05de2c"
"md","escalation-messages","automator","automator/bmad-story-automator/data/escalation-messages.md","7087781dc2fe3e97f0bd5fe6cd892044adde78b960307af1f0e0c2a69745af83"
"md","escalation-messages-core","automator","automator/bmad-story-automator/data/escalation-messages-core.md","e987a9b0aa1db856750a2966593573a44e9356ac682b04273b22fa9d9375c810"
"md","escalation-messages-extended","automator","automator/bmad-story-automator/data/escalation-messages-extended.md","3182ffb0a67b2db2c1aafbd3af29dfe087ede4439bd4e6e3e5e9b0f0118a370f"
"md","escalation-triggers","automator","automator/bmad-story-automator/data/escalation-triggers.md","277037ecabfaa7a516840ff2c3617c8021ad8ddd5876e33a72ffb385af5e0fbe"
"md","execution-patterns","automator","automator/bmad-story-automator/data/execution-patterns.md","b86820a82320a0c9e570ad9a46d4756de6842f5fc6f658ec5e404d7a7bd85be8"
"md","marker-file-format","automator","automator/bmad-story-automator/data/marker-file-format.md","14fcd7e8d5fe6c9290dfbb725a7971c2f2e403bcc07b28ab9b1b4bfa41966e4f"
"md","monitoring-codex","automator","automator/bmad-story-automator/data/monitoring-codex.md","9c548831e79373fda47db803ae4a054ded09db6ea9c44c26037d4a7da0d4a6d3"
"md","monitoring-fallback","automator","automator/bmad-story-automator/data/monitoring-fallback.md","79d6739034c0c5e7859f1fd88e35cea814e26373d7e8374703acc0688d700822"
"md","monitoring-pattern","automator","automator/bmad-story-automator/data/monitoring-pattern.md","903851c47b3a948730f43241155665604e166b97ec929724391f80ba28a89586"
"md","monitoring-pattern-parsing","automator","automator/bmad-story-automator/data/monitoring-pattern-parsing.md","80b68dc9eafb48b6f803a0129cdd73524808c2a1a48fce11b7d58ce18c20a271"
"md","orchestrator-rules","automator","automator/bmad-story-automator/data/orchestrator-rules.md","d46a6eb408a4265cb97e4a171ce9d79c9f7365dbd82e7684db86dfbaf61d9352"
"md","orchestrator-rules-appendix","automator","automator/bmad-story-automator/data/orchestrator-rules-appendix.md","0f49697cb1d65951e6c9d811288611437676788022745598ecd4931e52719973"
"md","preflight-prompts","automator","automator/bmad-story-automator/data/preflight-prompts.md","f0651d0bdcf8f350c7b1392c1e51ed3e5da7acb5d53924a4084c494f4a493d73"
"md","preflight-requirements","automator","automator/bmad-story-automator/data/preflight-requirements.md","7a48f89bcad4f491f5415201b8f22f7a8f2eccd6e6854c3180238b623faf17b3"
"md","README","automator","automator/bmad-story-automator/README.md","ff77d612ac477f561f1d9f3a981ccf14be9a747431b73a96e5269d7116e2eaf4"
"md","report-retention-policy","automator","automator/bmad-story-automator/data/report-retention-policy.md","6e4a0c4eacec999ce6b757660a067ddeb4c370476fd6a21d6ed50f5df87a684c"
"md","retro","automator","automator/bmad-story-automator/data/prompts/retro.md","07688dd2c5403806d0a969f06242d27c71c584ea4c3b178b9135b7dbfdd53737"
"md","retrospective-automation","automator","automator/bmad-story-automator/data/retrospective-automation.md","b98ce1a9badeb22a1d0c1771cc489f20e4c301621006bf82654fc7ffe8365bcf"
"md","retrospective-doc-verification","automator","automator/bmad-story-automator/data/retrospective-doc-verification.md","1b367cc6701198e4cfa33551ba6fb745490fcd9dd3f23ad4ef731d946e2a64ad"
"md","retrospective-prompts","automator","automator/bmad-story-automator/data/retrospective-prompts.md","286339d7901bc4710c3319ae7ccc0129368aad105e63e397e19b37b598b5c78c"
"md","retry-fallback-implementation","automator","automator/bmad-story-automator/data/retry-fallback-implementation.md","f6770cbe346536762e832945a0b8fd0c353001058a5ef165a117adf4b9caa829"
"md","retry-fallback-strategy","automator","automator/bmad-story-automator/data/retry-fallback-strategy.md","1eb4ee3d8319d757e6383bc5d444baaad908b303f808c1d68f2c82618a129509"
"md","review","automator","automator/bmad-story-automator/data/prompts/review.md","a5554a07eaa168af8b0254d12a457f2d88a8834b5af832483ca3be18fee94c4c"
"md","scripts-reference","automator","automator/bmad-story-automator/data/scripts-reference.md","169dda465d254c728211a1f073fde4c7618ee03a2fd5ed5669d77edee3ac4fc9"
"md","SKILL","automator","automator/bmad-story-automator/SKILL.md","fc798f046d5e0f7a0796053999f05148be3fa4639d39f3ea571b041d28d33ef4"
"md","SKILL","automator","automator/bmad-story-automator-review/SKILL.md","74318c6c669609547b78ff6452daaea24eed4d90698e5aa3336558711104e63b"
"md","state-document","automator","automator/bmad-story-automator/templates/state-document.md","caded42b14bee5b88bce228f4dfce867332b2c2ef620b91dde1bef8f3c9ed597"
"md","step-01-init","automator","automator/bmad-story-automator/steps-c/step-01-init.md","28012971a638211ac1ccbc3defa6fbb9aeacad3db9f01c34e16e4b104a893f4a"
"md","step-01b-continue","automator","automator/bmad-story-automator/steps-c/step-01b-continue.md","628b311bb877b345ccc0ec8a661c6e09a58e5b2ea32d32335a8725568e1b9d1c"
"md","step-02-preflight","automator","automator/bmad-story-automator/steps-c/step-02-preflight.md","e108a3c17b60fd3fb2b5f2877cbee41c62f2d43ccb9602e3adff628cdb0a9ce1"
"md","step-02a-preflight-config","automator","automator/bmad-story-automator/steps-c/step-02a-preflight-config.md","05c93034bec4e992533a8921de540e80cb37e9fa49a52d286d1ec86c824d50bb"
"md","step-02b-preflight-finalize","automator","automator/bmad-story-automator/steps-c/step-02b-preflight-finalize.md","9cab6a33e7f69b173a4b1f6e28ab2e2764bab80dc79a71fc10ad928cc8319c18"
"md","step-03-execute","automator","automator/bmad-story-automator/steps-c/step-03-execute.md","db0c334aeac6fd426824e2ba2b7bcc0b5240d34f04b39547034ffce5e21cf5d4"
"md","step-03a-execute-review","automator","automator/bmad-story-automator/steps-c/step-03a-execute-review.md","7b12266c22d5e8221e466a40982d4874289b463ef8731ecceb11ed5019937d15"
"md","step-03b-execute-finish","automator","automator/bmad-story-automator/steps-c/step-03b-execute-finish.md","bcc9cd384034c1d685ef8a2b20b821ee4f09cf1d3ac067d224b330d5b7cc5ce9"
"md","step-03c-execute-complete","automator","automator/bmad-story-automator/steps-c/step-03c-execute-complete.md","68726f6cd04b25517d03f17186029027a14fbe73bb00fb350210c26bc5777d79"
"md","step-04-wrapup","automator","automator/bmad-story-automator/steps-c/step-04-wrapup.md","5104cefbd0281587a154ddd2b51db6e5bb41e80875e2c7cdb4d35ac07ba0119f"
"md","step-e-01-load","automator","automator/bmad-story-automator/steps-e/step-e-01-load.md","96bdcd02037894fcf2d6950af214c5cae9742d4cab65006ab7651520cf1b90b6"
"md","step-v-01-check","automator","automator/bmad-story-automator/steps-v/step-v-01-check.md","626f462a2119da35a94273eb53f2a915a8e2c747e29b43c44206ebc02c9d212c"
"md","step-v-02-report","automator","automator/bmad-story-automator/steps-v/step-v-02-report.md","1c8c5c3e0130f146a606fa730d332d925f3df31f509a48ac7e0ecae3a63c6710"
"md","stop-hook-config","automator","automator/bmad-story-automator/data/stop-hook-config.md","464fc5e74f04f798f885069bc16a84e447d4fcacab9a2b57763579ab7246393c"
"md","stop-hook-recovery","automator","automator/bmad-story-automator/data/stop-hook-recovery.md","ff9a9e806c46c6a94d2d72ce41623730c2c0e3559b091138cc1f0350f4a69f2f"
"md","stop-hook-troubleshooting","automator","automator/bmad-story-automator/data/stop-hook-troubleshooting.md","7f2eab98b8b0849f40a94ec966389be260aff2ce42afe05d5c807228667256bf"
"md","subagent-prompts","automator","automator/bmad-story-automator/data/subagent-prompts.md","c9d143a7cbeb46a4a98e6d3e1aecb9382ce36d6819cf44d60c9505ee00c3ccaf"
"md","subagent-prompts-analysis","automator","automator/bmad-story-automator/data/subagent-prompts-analysis.md","55c8e2d73560ee889c24a20bd4407bce1e0c9ffb1e258de340a9ef113bfb8f6d"
"md","success-patterns","automator","automator/bmad-story-automator/data/success-patterns.md","c03f65d82ed4ceaaa066e377f122f89486275eb5489fcbc3fffc4c37f1882aa3"
"md","tmux-commands","automator","automator/bmad-story-automator/data/tmux-commands.md","be8732a1d96b0f31621a219bd63f5cad80d56993c372d5344abc2d1dfdf3d03f"
"md","tmux-long-command-debugging","automator","automator/bmad-story-automator/data/tmux-long-command-debugging.md","2b1f4a18ab0f6ac963455fb0a2451dbb92e171394ac7298011484c02729c0be7"
"md","tmux-long-command-testing","automator","automator/bmad-story-automator/data/tmux-long-command-testing.md","6c8a510de577daaaf92fe2b2c5b8a0eb7e3db1c8f21f30ba609efab85d6fa83e"
"md","workflow","automator","automator/bmad-story-automator/workflow.md","68065ef09f0f9b6a2dffcc03da54018edfa8fc118ce2f7b6ba63b12afd0fd3d5"
"md","workflow-commands","automator","automator/bmad-story-automator/data/workflow-commands.md","02ce0771ecee740076eec8da86e2a68301f74ae578d19877c0dc07bff75465b6"
"md","wrapup-templates","automator","automator/bmad-story-automator/data/wrapup-templates.md","bc888cee1578e0b637570495172ea6390911d308c48db1b7aab5e37241cf215c"
"py","__init__","automator","automator/bmad-story-automator/src/story_automator/__init__.py","fb72e195b66f77eb4577f80a9e35baa8b9a91019a4321ab70c0587175f404dc8"
"py","__init__","automator","automator/bmad-story-automator/src/story_automator/commands/__init__.py","05e72a03c15981c3190feb37ea2bd1bf06e2a01470c2e12f569b46540767d5bd"
"py","__main__","automator","automator/bmad-story-automator/src/story_automator/__main__.py","3d2438ae92f4746e9ffaa1f837b1fe803f6281091d1f31f8c95643716f257d9a"
"py","agent_config","automator","automator/bmad-story-automator/src/story_automator/core/agent_config.py","a47e4851199eaded4e23eb8397b708fa12dd4a65c9a5c93169f26c0ca3c88889"
"py","agent_config_cmd","automator","automator/bmad-story-automator/src/story_automator/commands/agent_config_cmd.py","ce7e0fd7825bb39e6bbd99a1c8042368578be04d251c3e146fa609a733767eb7"
"py","artifact_paths","automator","automator/bmad-story-automator/src/story_automator/core/artifact_paths.py","d5ab24ee647c6e274536f3c99eb4d4fb43f49a20137cf06c5f88f559d3625615"
"py","basic","automator","automator/bmad-story-automator/src/story_automator/commands/basic.py","49df30e417a09231b05b59f370564021374bfb6c60eedc6b1ebb00844f2f04b4"
"py","cli","automator","automator/bmad-story-automator/src/story_automator/cli.py","2e32a2ea1d5511c7159758090bcfa4746a80db2f25869eac875941f239a59b66"
"py","common","automator","automator/bmad-story-automator/src/story_automator/core/common.py","416b3893bc3b4f4643e0cf61c4f4c27ffbf7d24d3749a9b09d7eb8355b5e3f89"
"py","epic_parser","automator","automator/bmad-story-automator/src/story_automator/core/epic_parser.py","11a48d0147a42b26703de70aa3511928e9e5b88dec866d509a17b2f21a83cbb1"
"py","frontmatter","automator","automator/bmad-story-automator/src/story_automator/core/frontmatter.py","1394f4bb6393fc1576fedcd8afd83e3cd3b87aa21e2e7d307ca11f40706b0d3c"
"py","orchestrator","automator","automator/bmad-story-automator/src/story_automator/commands/orchestrator.py","ca685d08af9acbcb8a11f07c31b41e4e780edc43ed633e15cb710b0c87c11d77"
"py","orchestrator_epic_agents","automator","automator/bmad-story-automator/src/story_automator/commands/orchestrator_epic_agents.py","255b90652bcb5d9e00860cdc8f17cdd5847efd3e490069b2d74266ae897e9263"
"py","orchestrator_parse","automator","automator/bmad-story-automator/src/story_automator/commands/orchestrator_parse.py","baab389b379e86c9630aa86cb12d77aa31f16f5cff3b31c39999ddffe2d92c49"
"py","prompt_rendering","automator","automator/bmad-story-automator/src/story_automator/core/prompt_rendering.py","157ffff7b976aea7ddb675efdee198871e0a84873c3c77029a7c4a6bb404484a"
"py","review_verify","automator","automator/bmad-story-automator/src/story_automator/core/review_verify.py","d0c816851711d34017af236be50557ea0fb127842601c96748cc72679bd07eff"
"py","runtime_layout","automator","automator/bmad-story-automator/src/story_automator/core/runtime_layout.py","376eee9e09e762f2a9b053f01bc071fc6d5c6923a495afce08b41956ca31456b"
"py","runtime_policy","automator","automator/bmad-story-automator/src/story_automator/core/runtime_policy.py","0fd4ab77db10e1d5d8064a8ef5ecb7cf934570c54a9e06c5db61b6c93884b027"
"py","sprint","automator","automator/bmad-story-automator/src/story_automator/core/sprint.py","3c88ec46b2447424e9d12b2932ab5c3e8f9c2c81420c8f5349455f024a7d5514"
"py","state","automator","automator/bmad-story-automator/src/story_automator/commands/state.py","66b43313f9bca08666c9c775d5938e9d78fcd14b1ee823845c5a89b5c7b3810d"
"py","stop_hooks","automator","automator/bmad-story-automator/src/story_automator/core/stop_hooks.py","85e06156d2f00e68564071c26c567e7104ab762920073979a36200a1e2c38dbc"
"py","story_keys","automator","automator/bmad-story-automator/src/story_automator/core/story_keys.py","e5bf2d0b74fa47ff85daed7883205ac27508ab1aaa0a1493442bee2b2d825ba8"
"py","success_verifiers","automator","automator/bmad-story-automator/src/story_automator/core/success_verifiers.py","5704119093a37d9aed590f101bc242151dcb90a04af2d21ed43bee4b8ca870ff"
"py","tmux","automator","automator/bmad-story-automator/src/story_automator/adapters/tmux.py","d9c468f1ca01fa85b1b7e0401906a7719f73340ea2a5f0cb3747f365c0057a9c"
"py","tmux","automator","automator/bmad-story-automator/src/story_automator/commands/tmux.py","00cd19d71c995a4b299ba4476a28941f9bebe98cfd7d3d23c5c59be562599689"
"py","tmux_runtime","automator","automator/bmad-story-automator/src/story_automator/core/tmux_runtime.py","99979bde55a084e643ee5881a5df008f14f7acd13e2807d5873a0612b08a3d6b"
"py","utils","automator","automator/bmad-story-automator/src/story_automator/core/utils.py","d5307fd488963d09273a62a3b54f19561c1df02ca29038e3088c07d8614a57ab"
"py","validate_story_creation","automator","automator/bmad-story-automator/src/story_automator/commands/validate_story_creation.py","bbff48ad4c10823502cbdec531cfc2dd950e3f6a5eb8b54c4a6ddd8082920488"
"py","workflow_paths","automator","automator/bmad-story-automator/src/story_automator/core/workflow_paths.py","d00ea440107328ea882afc4686ca8182e6fbd1dd8545832829fd131af2f91bbb"
"toml","pyproject","automator","automator/bmad-story-automator/pyproject.toml","c81f23d1956b7cc4e311b20eb60d8b37169db2eea6194b56d1d3163f083f3974"
"xml","instructions","automator","automator/bmad-story-automator-review/instructions.xml","c6b4fd10594e533716c5b8631813e84309988213aa997a46825c8e878e841c5d"
"yaml","config","automator","automator/config.yaml","6902006aa797f42828815d6a408988393ee23b251ca88143c62f8f3c43051370"
"yaml","workflow","automator","automator/bmad-story-automator-review/workflow.yaml","ec6973fa4399c82cb99760d146174311da0e2f9d08abd44792f0da17646e4f75"
"csv","module-help","bmm","bmm/module-help.csv","fe1f3c778d5d909d5858e0d13f2a7d4d18f40180de05a3c4fa7a5470dabeb945"
"html","validation-report-template","bmm","bmm/plan/bmad-prd/assets/validation-report-template.html","a80becdd8205d2d7c18738855830b096172a496b96b5ca8a0820ec55c9bb8bf9"
"html","validation-report-template","bmm","bmm/plan/bmad-ux/assets/validation-report-template.html","8656945636fabe96624f8ef8fce931b073b5aecbe42d490584c1d5c7f31e1353"
"json","bmad-manifest","bmm","bmm/plan/bmad-prfaq/bmad-manifest.json","9d91d2ae277b87bdfb8785df6a660788743c5cdf98cbd9fcf88c29f957324709"
"md","acceptance-verdict","bmm","bmm/ship/bmad-retrospective/references/acceptance-verdict.md","09a65007c39af83e01e039331c252e6e670b134cd5e2a4b5e05ac9d9fb7e37f1"
"md","aggregate-views","bmm","bmm/ship/bmad-retrospective/references/aggregate-views.md","5b278afce4a53692d8715b4af178e4233da0876921dc3154b5763d056cb5ff0b"
"md","artifact-analyzer","bmm","bmm/plan/bmad-prfaq/agents/artifact-analyzer.md","7bdc44830f8d593346ec0ee15e36e1e431432fcc6c38b70bb861999315c9cfa4"
"md","best-practices","bmm","bmm/plan/bmad-project-context/references/best-practices.md","ded4ad303ea7a62c2c55a8673085cb4deeaf8306a68ebcc09fa2c308589fbf9b"
"md","brief-template","bmm","bmm/plan/bmad-product-brief/assets/brief-template.md","bb28edf75d023067551c8d417b19b8803324e7acfb2ad0c80f882e9134f4c1f1"
"md","checklist","bmm","bmm/ship/bmad-correct-course/checklist.md","3e082b95def90ccb876e3101ce0bbaf797a0f03a9471e1347361897f27977327"
"md","checklist","bmm","bmm/ship/bmad-qa-generate-e2e-tests/checklist.md","b58f810aeb1040c2f6758c88aa133afce72f8cc178d3d97ff0fbaa3d943057dc"
"md","checklist","bmm","bmm/v6-shims/bmad-create-story/checklist.md","b94e28e774c3be0288f04ea163424bece4ddead5cd3f3680d1603ed07383323a"
"md","checklist","bmm","bmm/v6-shims/bmad-dev-story/checklist.md","630b68c6824a8785003a65553c1f335222b17be93b1bd80524c23b38bde1d8af"
"md","color-themes","bmm","bmm/plan/bmad-ux/assets/color-themes.md","ccb6e4ef47a196476cf9392d788938ad3ca8d07b9ce095b7c092dcb4e06735f0"
"md","compile-epic-context","bmm","bmm/ship/bmad-build/compile-epic-context.md","6793b15ae85766cee529e6b349e45f2c6ec9e3212019611c29e8c77b4dc4b924"
"md","compile-epic-context","bmm","bmm/ship/bmad-build-auto/compile-epic-context.md","64d13b41974cfa0dfc1de64b6fbd8365e9b99f91c7c98f0ee1a9fbd018f324ca"
"md","creative-tools","bmm","bmm/plan/bmad-ux/references/creative-tools.md","e281292d7c0fdecdbb67ca9b7d95d4bed803626ba5edfd8dcc99146fcaa118e6"
"md","customer-faq","bmm","bmm/plan/bmad-prfaq/references/customer-faq.md","96f8565197649c58908a1d61b6cd805fd01f57da7945ba889c18d087ad597aeb"
"md","deletion-check","bmm","bmm/ship/bmad-build/references/deletion-check.md","0f1f124e4e957147e89164a272b10bedc694ad0d9ad2618c8610ac74ee9cb0da"
"md","deletion-check","bmm","bmm/ship/bmad-build-auto/references/deletion-check.md","0f1f124e4e957147e89164a272b10bedc694ad0d9ad2618c8610ac74ee9cb0da"
"md","deletion-check","bmm","bmm/ship/bmad-code-review/references/deletion-check.md","0f1f124e4e957147e89164a272b10bedc694ad0d9ad2618c8610ac74ee9cb0da"
"md","design-directions","bmm","bmm/plan/bmad-ux/assets/design-directions.md","eab73b948da76a27abc908e1e7d6b124e8ff0362e6dd1990f7e60b9541cbcb98"
"md","design-example-editorial","bmm","bmm/plan/bmad-ux/assets/design-example-editorial.md","a659166845b1a4ed3f9aef942c5935537a97382b10303684fbb78ed86265870e"
"md","design-example-mobile","bmm","bmm/plan/bmad-ux/assets/design-example-mobile.md","a93fb9f114f2e83af0c961c0d7909b3859fc80bcd713715517cd639a53a0372a"
"md","design-example-shadcn","bmm","bmm/plan/bmad-ux/assets/design-example-shadcn.md","25e0dfb2bb21483973a8f0a6ed650288b3dc2ae5ed02aa0f091bb9b6b0b39fc0"
"md","design-md-spec","bmm","bmm/plan/bmad-ux/references/design-md-spec.md","d04d5f663607aba3f3181e818ae33856e6caf5e560dcb16fa64ed80b7cf3d590"
"md","discover-inputs","bmm","bmm/v6-shims/bmad-create-story/discover-inputs.md","dfedba6a8ea05c9a91c6d202c4b29ee3ea793d8ef77575034787ae0fef280507"
"md","edge-case-hunter","bmm","bmm/ship/bmad-build/review-prompts/edge-case-hunter.md","4ccb3599ed1b8cc54876b304dc567d1b4e3e0ec5c1add34df9a2445224ac77af"
"md","edge-case-hunter","bmm","bmm/ship/bmad-build-auto/review-prompts/edge-case-hunter.md","4ccb3599ed1b8cc54876b304dc567d1b4e3e0ec5c1add34df9a2445224ac77af"
"md","edge-case-hunter","bmm","bmm/ship/bmad-code-review/review-prompts/edge-case-hunter.md","4ccb3599ed1b8cc54876b304dc567d1b4e3e0ec5c1add34df9a2445224ac77af"
"md","epics-template","bmm","bmm/plan/bmad-create-epics-and-stories/templates/epics-template.md","a804f740155156d89661fa04e7a4264a8f712c4dc227c44fd8ae804a9b0f6b72"
"md","evidence-gathering","bmm","bmm/ship/bmad-retrospective/references/evidence-gathering.md","575bace78d7c03c48d86a209dd664f7dd22295a222b75e6d6298894cb7b7ce00"
"md","excalidraw-wireframe","bmm","bmm/plan/bmad-ux/assets/excalidraw-wireframe.md","660bbcdebff50cd044a3752eda43f3cb303aca4b0f521b55a270da93b89ddb18"
"md","experience-example-mobile","bmm","bmm/plan/bmad-ux/assets/experience-example-mobile.md","f8cd54c92193cd8c34a472df9c212ac7330976f6a115b729721dcb60034dc4f0"
"md","experience-example-shadcn","bmm","bmm/plan/bmad-ux/assets/experience-example-shadcn.md","d6ca16e87b768e8b41f352c02ee08af21d7cdac04ca21e6ae1556864b4d27590"
"md","fix-sprint-status","bmm","bmm/plan/bmad-sprint-planning/references/fix-sprint-status.md","0406c31b70da33e2a354d9785f43d8f9918f4b923d0aac2ebd1e3707ebad5806"
"md","generate-tracking","bmm","bmm/plan/bmad-sprint-planning/references/generate-tracking.md","4dbf7aca26d0e6e893f288fc5e6158dbbcd65f77bbaf95e941ca705abceb1741"
"md","generate-trail","bmm","bmm/ship/bmad-checkpoint-preview/generate-trail.md","4a5936d86fbe5a85285b4535097b1e2edda8849da35586f4b588a982d7224459"
"md","headless","bmm","bmm/plan/bmad-architecture/references/headless.md","4db2708f335c94cb024b5eba022b1e3d88b1ec61c94c4716626d9b89684f5833"
"md","headless","bmm","bmm/plan/bmad-prd/references/headless.md","4dad58ebee63933a53179016513ff94d143ce9f68e226489d390e2c36bf1d848"
"md","headless","bmm","bmm/plan/bmad-ux/references/headless.md","8da7e23d269b1644f45b5104a243a6a27fd8d075aebb95d9b7752f0d143f0f5d"
"md","headless-schemas","bmm","bmm/plan/bmad-prd/assets/headless-schemas.md","8d3621333a72400512bd62511bc4c73fc745711505e1f852c697ff8c5fa2de93"
"md","headless-schemas","bmm","bmm/plan/bmad-spec/assets/headless-schemas.md","83afb3614716db2347d83586a67b9c524492dd50db5282436ccb35c99fb5f08a"
"md","headless-schemas","bmm","bmm/plan/bmad-ux/assets/headless-schemas.md","e3a773dde85286f1a6f6dd8b26fc17e09ccea96f6257dfe7fb436353cd79242d"
"md","internal-faq","bmm","bmm/plan/bmad-prfaq/references/internal-faq.md","26eb83f844cda1ed8efb50f4703d61713ada8a64bd27eb387f759f858b5748de"
"md","key-screens","bmm","bmm/plan/bmad-ux/assets/key-screens.md","ff1c5060673dd595edd61e76806bae876264ec6895c2eaadf8a6190785bf5f7b"
"md","prd-template","bmm","bmm/plan/bmad-prd/assets/prd-template.md","b6fe8fc1390b8e46961d5eb5e6f2fe6c65dca2f30623d492677672e02868f7ab"
"md","prd-validation-checklist","bmm","bmm/plan/bmad-prd/assets/prd-validation-checklist.md","41d9f09064772a92ec908d970618e47ba63dc86b5c5a1a21d5a2c676d3ba8e3f"
"md","press-release","bmm","bmm/plan/bmad-prfaq/references/press-release.md","c406adb0e2d2cc326cbc45d0174f89d014523448ad82bc272293999d22aec596"
"md","prfaq-template","bmm","bmm/plan/bmad-prfaq/assets/prfaq-template.md","b27e6964f0437ab4e78c8c0ffbe5052c28e3b3ef2fc811726cbb394d5a5c7559"
"md","readiness-gate","bmm","bmm/plan/bmad-sprint-planning/references/readiness-gate.md","7d58ea61fafe3c1d8218203abc7512e322ca384c78d9e71829df55dfabe1245b"
"md","README","bmm","bmm/v6-shims/README.md","05315a8e369f5ebb9e615c1a33fd2b3f85eb92a9455c974cdc7ec7d3ea0d10bf"
"md","retro-document","bmm","bmm/ship/bmad-retrospective/references/retro-document.md","de8164664cd2be7f73b8ba5552e9e0f58816d2a7c4be8efc7715461846bb7001"
"md","reviewer-gate","bmm","bmm/plan/bmad-architecture/references/reviewer-gate.md","d32e32a3c1d59b5612b947004f3f6fef1117a13ce9f1ffa428d616e0b5d4db69"
"md","SKILL","bmm","bmm/agents/bmad-agent-analyst/SKILL.md","99c72ea74b833743a71a8e3c54369348530525edcfae43da2d267ec27cefc8ff"
"md","SKILL","bmm","bmm/agents/bmad-agent-architect/SKILL.md","72a542f7cd34ebf844c26431be564040824f0c16cf060b8795eff2c9e019f003"
"md","SKILL","bmm","bmm/agents/bmad-agent-dev/SKILL.md","b980cf2c99976b5e1bd53128dc7b56bdd181ac39a57098d9b5a6bf0692db2675"
"md","SKILL","bmm","bmm/agents/bmad-agent-pm/SKILL.md","7b84234262e749f22fe31032124024c8c4283ba55294916b2ec67917a3bb9fb5"
"md","SKILL","bmm","bmm/agents/bmad-agent-ux-designer/SKILL.md","2ba39678706fd536a98f7afcbb3d85c3b74e24bdb86a191b330fcd7fd7e64c03"
"md","SKILL","bmm","bmm/plan/bmad-architecture/SKILL.md","b3d8c6e5024cb9747ef1659cec8109f5bb797fd1760338e65237bb084b60fcdc"
"md","SKILL","bmm","bmm/plan/bmad-create-epics-and-stories/SKILL.md","6b27b0730c61309190eb7c9c84ae98b11cbfe7187941ef88f45ddc8ded850c04"
"md","SKILL","bmm","bmm/plan/bmad-generate-project-context/SKILL.md","8cc66337d465bb088831d8973a25cfb4374f1a3427638cc2fb553fad29d08f12"
"md","SKILL","bmm","bmm/plan/bmad-prd/SKILL.md","5c220a51dc6f25499b7f18c7104a0a981dc3d721aa63d0fba88ec3de32c3fbde"
"md","SKILL","bmm","bmm/plan/bmad-prfaq/SKILL.md","042611ccabfdab1254e6591f6b86f81f332acb874fc2d148af5ac6dcd5a1c726"
"md","SKILL","bmm","bmm/plan/bmad-product-brief/SKILL.md","4c15a8ec688c998eeb71957f208b5953b1ac7a5641b008b3509f1f4fcdc8e6cd"
"md","SKILL","bmm","bmm/plan/bmad-project-context/SKILL.md","1a276f306ed76f98ad2b04864cfe365426420d33438879ea4f0705c2a013324c"
"md","SKILL","bmm","bmm/plan/bmad-spec/SKILL.md","5b5680dbf01dbfc5b4a5485e70f20ea48ac21a1d6137c4ea2ff704262dcc45d2"
"md","SKILL","bmm","bmm/plan/bmad-sprint-planning/SKILL.md","6ed5dd51be5d6a807c7e6af0542bff609fe69e84b67025ed7aa3fd9ae1ccb36d"
"md","SKILL","bmm","bmm/plan/bmad-ux/SKILL.md","6475c8171bf7346964234bd35994b9d5518102dc245768c660e4dacd1e6b50fd"
"md","SKILL","bmm","bmm/ship/bmad-build/SKILL.md","bce4778d8d275095ca1836733337163c1bf11a5a62e6585b951de458a5ac2c8e"
"md","SKILL","bmm","bmm/ship/bmad-build-auto/SKILL.md","ea6931f8210e92f7d9cfb845040d557d4d8c02eced3acc3d77bd2fcc4fffc235"
"md","SKILL","bmm","bmm/ship/bmad-checkpoint-preview/SKILL.md","fbc932defc41c7d9ffd107dbbccc296854b2ece76d95e9712e19d24f0a4c3606"
"md","SKILL","bmm","bmm/ship/bmad-code-review/SKILL.md","1ba6481b28c7e4b2ea0b1447e9011a9cac3ef51fdf957d09050606d2d16b196b"
"md","SKILL","bmm","bmm/ship/bmad-correct-course/SKILL.md","507394a758e297152a806fe5529ecc54c6c2725c951bdcbbdb250622a83fa820"
"md","SKILL","bmm","bmm/ship/bmad-qa-generate-e2e-tests/SKILL.md","4aad390d3f063efb8783637a0f72b993135ec2acb810693d3146a161172057c8"
"md","SKILL","bmm","bmm/ship/bmad-retrospective/SKILL.md","8da5b53055afa76cf88135f186d35a6cb95bab1096ed96022354846dc788d26a"
"md","SKILL","bmm","bmm/v6-shims/bmad-create-architecture/SKILL.md","2d199970238a7f415aa4b9224ec01f296b4b3ee7b399f75092ed8bdd3e414be1"
"md","SKILL","bmm","bmm/v6-shims/bmad-create-prd/SKILL.md","fa8cc47fff80a19446057b0469e79ea65973ceccb71e96079bf734b34699eb69"
"md","SKILL","bmm","bmm/v6-shims/bmad-create-story/SKILL.md","bea46d2823aded992d90a8d6d684f7c67c0865478b01c1443ba4c3eac04bbd28"
"md","SKILL","bmm","bmm/v6-shims/bmad-dev-auto/SKILL.md","1c056c69a17043bfb4b80f9e42a8ec8338fc6fa47c6ae8d5cf53f8a326966b4a"
"md","SKILL","bmm","bmm/v6-shims/bmad-dev-story/SKILL.md","8f9baf6a4643a3e9b307864eceed5aa9ddfe4e325226d70b78e0c85908ab7d5d"
"md","SKILL","bmm","bmm/v6-shims/bmad-document-project/SKILL.md","c4a09a6dc3aaaf90e12e1467b48a37416820ff351316a4eda7cda826dbb7fbd7"
"md","SKILL","bmm","bmm/v6-shims/bmad-domain-research/SKILL.md","6c873cdb44ed6444c2abfb335ad7af474fda56f4ba62c1c9c7cff42d9a243cd4"
"md","SKILL","bmm","bmm/v6-shims/bmad-edit-prd/SKILL.md","26448c4017c09ad8defa8525d9517ce681bb50222320517eaa635fa0f31989f9"
"md","SKILL","bmm","bmm/v6-shims/bmad-market-research/SKILL.md","b52667b85bee97ff23dd02532a2f286c72e63fd14b1afaedd6592de4d6112df6"
"md","SKILL","bmm","bmm/v6-shims/bmad-quick-dev/SKILL.md","23bb1434e03693152311b8e79570bb8a042eb39f57615cc4d0df15b72f29b113"
"md","SKILL","bmm","bmm/v6-shims/bmad-sprint-status/SKILL.md","95e695ce9665c6b3d617d41b0581bc30de6288263609a910559a97b26eb49e78"
"md","SKILL","bmm","bmm/v6-shims/bmad-technical-research/SKILL.md","d8e6177fc03c3d815642bdf6b54b83ef37874e73118d89112f155dbda14afbfa"
"md","SKILL","bmm","bmm/v6-shims/bmad-validate-prd/SKILL.md","16bff9ed7ec003add9c56818575f613380925782bd4ef0cc0804ed34a074eeaf"
"md","spec-template","bmm","bmm/plan/bmad-spec/assets/spec-template.md","4b3a032c045fdd0903933446fc07f93e879997f28a0294ed4344da71192b20ee"
"md","spec-template","bmm","bmm/ship/bmad-build/spec-template.md","68d0e3b9acaa0c22ab3b0dd1dbce9d8ef9b4d16637ed5e6fbd5244528732943e"
"md","spec-template","bmm","bmm/ship/bmad-build-auto/spec-template.md","5fccfa92dd632d4be646ab40f2882452189aba49db57fe3fa00fcc1806666d74"
"md","spine-template","bmm","bmm/plan/bmad-architecture/assets/spine-template.md","ef4ff795624eb5439fae54a06edb389feb5a0cf79cb01ae007af51109335d198"
"md","status-view","bmm","bmm/plan/bmad-sprint-planning/references/status-view.md","c3547e221ebf6e55c874e2ada3e8c18198835213c76f0bb2e0e64150aac355ab"
"md","step-01-clarify-and-route","bmm","bmm/ship/bmad-build/step-01-clarify-and-route.md","0a3afcde2b1d4475250896f132fd8839cf442b3364ebfbeeace5a489042c7c7f"
"md","step-01-clarify-and-route","bmm","bmm/ship/bmad-build-auto/step-01-clarify-and-route.md","7480db7720720212bd045793fddcb91f06091fe512e53b38127f6440c3fd96e2"
"md","step-01-gather-context","bmm","bmm/ship/bmad-code-review/steps/step-01-gather-context.md","3f5a74d63a91fb385d33786b78d09bb9bca483b1ac45933b9715c9fb79b79e9d"
"md","step-01-orientation","bmm","bmm/ship/bmad-checkpoint-preview/step-01-orientation.md","d9e3b949c36d49a025f3535773af2b51888fe4ce616b6d6d69683a122716b1d2"
"md","step-01-validate-prerequisites","bmm","bmm/plan/bmad-create-epics-and-stories/steps/step-01-validate-prerequisites.md","7181608c1ee4e55c084c6627d68fc55a8a0b6917e489f8ac77531a0530428a30"
"md","step-02-design-epics","bmm","bmm/plan/bmad-create-epics-and-stories/steps/step-02-design-epics.md","7c66987808c1f84e853fe54b7aff26d209196d450b5644704110f124a15179bc"
"md","step-02-plan","bmm","bmm/ship/bmad-build/step-02-plan.md","d90db50ca7a679dd42f7d1587a909d0579f24480b116d6ed82b4c7d4fe9bea66"
"md","step-02-plan","bmm","bmm/ship/bmad-build-auto/step-02-plan.md","a08e303c10f88dbfce88c55044757ec5059afe338793eb414e1ddb0b7c324625"
"md","step-02-review","bmm","bmm/ship/bmad-code-review/steps/step-02-review.md","3d146c060e838413f1262211cc58b06eeee1a9a86b8997efd83d0dc8c03cfa60"
"md","step-02-walkthrough","bmm","bmm/ship/bmad-checkpoint-preview/step-02-walkthrough.md","66cf893f8f968ee81034e9ccd8c20415692c3a8c23a9a143c2245fe6c800acdc"
"md","step-03-create-stories","bmm","bmm/plan/bmad-create-epics-and-stories/steps/step-03-create-stories.md","c5b787a82e4e49ed9cd9c028321ee1689f32b8cd69d89eea609b37cd3d481afc"
"md","step-03-detail-pass","bmm","bmm/ship/bmad-checkpoint-preview/step-03-detail-pass.md","d48163b9f305f15af57729a8443142e47beb6c3e977554afe12b39ee49cb9fc0"
"md","step-03-implement","bmm","bmm/ship/bmad-build/step-03-implement.md","3b77ca64380b2989016191f488311ff392df0ebf4f641b9898d02b01767a646f"
"md","step-03-implement","bmm","bmm/ship/bmad-build-auto/step-03-implement.md","f3e427c6033a26adcc327e4367db38c619527858a1175b148ec5a6f53d1bb408"
"md","step-03-triage","bmm","bmm/ship/bmad-code-review/steps/step-03-triage.md","46a9e661e8aed6a7347cd7bc0b3f7edd8e4bffcfc96b2e15895f7a8ce2517d70"
"md","step-04-final-validation","bmm","bmm/plan/bmad-create-epics-and-stories/steps/step-04-final-validation.md","5f6033e26ed06e070dcfcefb47d648b5a266012aaed7d53f028ab3f2c0542d20"
"md","step-04-present","bmm","bmm/ship/bmad-code-review/steps/step-04-present.md","08baa98dae5e3bd70f211d1d3ce42f14e25030f4d6b17fc18e8635644847850c"
"md","step-04-review","bmm","bmm/ship/bmad-build/step-04-review.md","bcf300e2faaf413afe1a25498284baabba09681bca089e615530d0b9dc5cee72"
"md","step-04-review","bmm","bmm/ship/bmad-build-auto/step-04-review.md","8e9ff909192e1d5d50f9fc071c4b5eb8830cc921200d423904a30dadca58c3e9"
"md","step-04-testing","bmm","bmm/ship/bmad-checkpoint-preview/step-04-testing.md","28a56e868968ea2d18add0df8c4bccced0f94b698e218df3d45ddac072ce369c"
"md","step-05-present","bmm","bmm/ship/bmad-build/step-05-present.md","81e80f3fd38f8e3049afe9daf41783b86b00ac22544f7f36bd430496a12d8e46"
"md","step-05-wrapup","bmm","bmm/ship/bmad-checkpoint-preview/step-05-wrapup.md","b1f04d64f0c9c9e4c051ebdd81eee1083d60c6aaca96bb5d3d85e0cbeca0143e"
"md","step-oneshot","bmm","bmm/ship/bmad-build/step-oneshot.md","e75505130a2fcc49cd71dfb36c92e76255d39fdfe8d4f735c7c9276e2917cb8a"
"md","stories-schema","bmm","bmm/plan/bmad-spec/assets/stories-schema.md","4f8137c00e2710288354a4466d1cfb90704f4b2a04bd3b63924218fd589cc6a9"
"md","sync-sprint-status","bmm","bmm/ship/bmad-build/sync-sprint-status.md","6c9e2ec17245d2dcb796bd9a36997371a20db8e579a2f803d16064e3bc36c40b"
"md","team-discussion","bmm","bmm/ship/bmad-retrospective/references/team-discussion.md","a9c504c436038c7e47d08322413aa3c213d2859b36ae30e873cb8c60fd9e008e"
"md","template","bmm","bmm/plan/bmad-project-context/references/template.md","c8b9a1fc165996614504bb9c90c5b1c6c808a8d483e36a4d250d79f62fda6fa1"
"md","template","bmm","bmm/v6-shims/bmad-create-story/template.md","29ba697368d77e88e88d0e7ac78caf7a78785a7dcfc291082aa96a62948afb67"
"md","validate","bmm","bmm/plan/bmad-prd/references/validate.md","19b2fa66d58cb4fef3d920cd09c81f8add4ee44dd4191bec87eaba84c2093338"
"md","validate","bmm","bmm/plan/bmad-sprint-planning/references/validate.md","ac680fa0a0f945a9bc0fc89ca709b2a8e6bc3b2617cd0d3d730378c4b5edd86d"
"md","validate","bmm","bmm/plan/bmad-ux/references/validate.md","7c2189d9ac1585d9408b6ed0346ba564869e7db89dba8f81044db3431cfcee65"
"md","verdict","bmm","bmm/plan/bmad-prfaq/references/verdict.md","81c06748ae2cb8e191cd282ecff83bea79532512c994fd4fffbf12c56be58a13"
"md","verification-gap","bmm","bmm/ship/bmad-build/review-prompts/verification-gap.md","11b6bbbd4e3426a25cca81229c98971e5f20ce99638940c47c9c1484011b457a"
"md","verification-gap","bmm","bmm/ship/bmad-build-auto/review-prompts/verification-gap.md","11b6bbbd4e3426a25cca81229c98971e5f20ce99638940c47c9c1484011b457a"
"md","verification-gap","bmm","bmm/ship/bmad-code-review/review-prompts/verification-gap.md","11b6bbbd4e3426a25cca81229c98971e5f20ce99638940c47c9c1484011b457a"
"md","web-researcher","bmm","bmm/plan/bmad-prfaq/agents/web-researcher.md","6e9127bb9bd3e4b15c701e4ced9eef328769262cd34eadc221bebe954c1f3aef"
"md","workflow","bmm","bmm/ship/bmad-build/workflow.md","481ff00ef349a9c7845feca02bbfd5722b1e318ccabac858355da6c90c2d8a39"
"md","workflow","bmm","bmm/ship/bmad-build-auto/workflow.md","f5f538a647b2a09406b11337244d1bd74fe97e7fa85b58a990184fcb480bfd90"
"py","git_evidence","bmm","bmm/ship/bmad-retrospective/scripts/git_evidence.py","6e08688d2943217b61e784c7df3508aa1502d7cecf53ea7cd530944c431c91b6"
"py","lint_spine","bmm","bmm/plan/bmad-architecture/scripts/lint_spine.py","040e0f1c13d31e6a21c518df943d1d7de7b75d8d98a07603b0983f3f3fb500db"
"py","sprint_plan","bmm","bmm/plan/bmad-sprint-planning/scripts/sprint_plan.py","4c30f62c261599fc1da3fd319ea6ce5092aa0332221cedee1763a1040627e6bc"
"py","sprint_status","bmm","bmm/ship/bmad-retrospective/scripts/sprint_status.py","a697eecd53cd9177657aee4cfdb2eab06d7d81f3e855b096cfe0482a74c50ebe"
"py","test_git_evidence","bmm","bmm/ship/bmad-retrospective/scripts/tests/test_git_evidence.py","0abfc8fad338830fc2db656d3ccc500631b0ea7a2ab87d853c13a6bbd46ff13c"
"py","test_lint_spine","bmm","bmm/plan/bmad-architecture/scripts/tests/test_lint_spine.py","e86bb9a62c5cca74ddc89c843386f2b992610fcc1792d40e03bc9cd445b77681"
"py","test_sprint_plan","bmm","bmm/plan/bmad-sprint-planning/scripts/tests/test_sprint_plan.py","f1c3b640e156946b0a234e233807b2a3983cb0d3f2d13dbb9830fbe0c67e5238"
"py","test_sprint_status","bmm","bmm/ship/bmad-retrospective/scripts/tests/test_sprint_status.py","23da16cca54904a256fcf88fd8f912c3f6091ea343768c241bbd2aeebbca2af3"
"pyc","sprint_plan.cpython-311","bmm","bmm/plan/bmad-sprint-planning/scripts/__pycache__/sprint_plan.cpython-311.pyc","c92c8bd560b76b970c88ec2e3b18c6611f423ca91ffe6f741348ea94e04da61d"
"pyc","sprint_status.cpython-311","bmm","bmm/ship/bmad-retrospective/scripts/__pycache__/sprint_status.cpython-311.pyc","a1f809abad01386d1342d3a70df401ced7c1de42c94133b65422ad3f2b2f382b"
"pyc","test_git_evidence.cpython-311-pytest-9.1.1","bmm","bmm/ship/bmad-retrospective/scripts/tests/__pycache__/test_git_evidence.cpython-311-pytest-9.1.1.pyc","bd1ab9d967e7e77c9a734640a64e5c0282e6ce4a53a6b0956cc54f4cefd25770"
"pyc","test_sprint_plan.cpython-311-pytest-9.1.1","bmm","bmm/plan/bmad-sprint-planning/scripts/tests/__pycache__/test_sprint_plan.cpython-311-pytest-9.1.1.pyc","640ded70adc12c995a3b92680a44ad9b679ca80bce6b0ae03f70e17a19aa5ae8"
"pyc","test_sprint_status.cpython-311-pytest-9.1.1","bmm","bmm/ship/bmad-retrospective/scripts/tests/__pycache__/test_sprint_status.cpython-311-pytest-9.1.1.pyc","9f3cb3413808cd73dbdd619051b624482d7b5ce1359d2d549310e7b5434c0c55"
"toml","customize","bmm","bmm/agents/bmad-agent-analyst/customize.toml","9b3e94d90784bbb24ab2c8f0563aaece48aa317554622750538e6c0e14478b37"
"toml","customize","bmm","bmm/agents/bmad-agent-architect/customize.toml","82f0f082935f56e6fde41b007440edaa04984eb23abf26a3be7b1442baf0047a"
"toml","customize","bmm","bmm/agents/bmad-agent-dev/customize.toml","f3f107f11f150f62091a792fcdf224dbf8d6c351d24e2b1d08aabb077e655feb"
"toml","customize","bmm","bmm/agents/bmad-agent-pm/customize.toml","086d498b0e3d0c5dd193f8347ba30fdc93efcb57bbdfaff21fb0b418dba81ba8"
"toml","customize","bmm","bmm/agents/bmad-agent-ux-designer/customize.toml","3df7da44945f9df34dbb3a64de086c756e6c298e73078e388e8f9a4f57cbf7ab"
"toml","customize","bmm","bmm/plan/bmad-architecture/customize.toml","a6bb60a3adf976031f2870203285b1fc7a56e71e21232cd23bba544b178b5f15"
"toml","customize","bmm","bmm/plan/bmad-create-epics-and-stories/customize.toml","da9e43605bc6aec83173050b5d37ede6aebfa9a17c5959a5029681d73e744ba3"
"toml","customize","bmm","bmm/plan/bmad-prd/customize.toml","7f9a3a3503a3f758003ce2f1de59c31cc53658223e355fc76055f3140ef34e90"
"toml","customize","bmm","bmm/plan/bmad-prfaq/customize.toml","8994f925bab65bd310e5ab38781286b6137f3e0c9e89f3ab8a2f480eb05e0de5"
"toml","customize","bmm","bmm/plan/bmad-product-brief/customize.toml","50abc46f7c2e7cc7b02e2edc4aa6a237a46ea49dcc6781da5b42bd8968de39ab"
"toml","customize","bmm","bmm/plan/bmad-project-context/customize.toml","9bf8a3aa919832cd8932853da550fcaebd06a9e13c0cde453f4379d8327f9c0f"
"toml","customize","bmm","bmm/plan/bmad-spec/customize.toml","a89e0f53f9b6386c281dd0158a21801a6b16f122085fd68b0220cd403c18f830"
"toml","customize","bmm","bmm/plan/bmad-sprint-planning/customize.toml","f7bde2f792e8604f26122ee792c5493e270710296044b07680db7d90e886caf3"
"toml","customize","bmm","bmm/plan/bmad-ux/customize.toml","61f8bfbb020beb159b8da570ed416b02ec4a9ba3709aa0d08b417648d85328d8"
"toml","customize","bmm","bmm/ship/bmad-build/customize.toml","68a0134f3f9e7f4a7b077aa2dcca1c68f208701d3487482e84afbee8717efec6"
"toml","customize","bmm","bmm/ship/bmad-build-auto/customize.toml","eb0b39a3e24e86e9dbca98506c8384ec452c539acb690063cabab4385c82f09a"
"toml","customize","bmm","bmm/ship/bmad-checkpoint-preview/customize.toml","1a1e0c3a8914adda3cec925eed51287e067c7f84120de64a8df53348e7b77de5"
"toml","customize","bmm","bmm/ship/bmad-code-review/customize.toml","4f50371c61dea41c100b137e3d2ac750b4e55bb3be55e5a62c77f527dae22f94"
"toml","customize","bmm","bmm/ship/bmad-correct-course/customize.toml","78095d25afb5b2d4844956f61e9ac640a62d0245174fab9406e9c289f33fd84b"
"toml","customize","bmm","bmm/ship/bmad-qa-generate-e2e-tests/customize.toml","04a99926b2d79318b927434c7344dc666f143026ed99c7fcc0d6e3d68263ae66"
"toml","customize","bmm","bmm/ship/bmad-retrospective/customize.toml","ff6fdda35fa4b7d9c2dcb4ffc3e06e56de9a588d4e4e6908379bc16a904d4225"
"toml","customize","bmm","bmm/v6-shims/bmad-create-architecture/customize.toml","618be49b0286f18dfb4b6bac3d96bf1cf062994fa5278cd327be9898e651b43c"
"toml","customize","bmm","bmm/v6-shims/bmad-create-prd/customize.toml","0c990af4c0a755402abbef893850bd542744a8b6f36c0587c9f3fb6dab6bf5e7"
"toml","customize","bmm","bmm/v6-shims/bmad-create-story/customize.toml","1204f6de064436922f2813069778eb4eaa5f1f945aa8ea5a5ffb87897a2ba8fe"
"toml","customize","bmm","bmm/v6-shims/bmad-dev-story/customize.toml","baba9f07f653063aa94981f1413d5dd4f604931077fbfb04d9c2e397f8d33237"
"toml","customize","bmm","bmm/v6-shims/bmad-edit-prd/customize.toml","35cc2dfb3eda73a0ae4dc987cac58867b25c43ce5c5a1bf552e215826ede6c22"
"toml","customize","bmm","bmm/v6-shims/bmad-sprint-status/customize.toml","96261fd227befaa4685b0a5091d3e85299d4ae8e4404176b42f5ef2e2fb501bd"
"toml","customize","bmm","bmm/v6-shims/bmad-validate-prd/customize.toml","bfb3c8af5b81b2cdb9bb84f844f1b0dafc40d8c283effa6ad48db966b9446cef"
"yaml","config","bmm","bmm/config.yaml","e983593572088cb2a893542515b75ae82436bde0a13d20b88e9720eb6ed818f4"
"yaml","sprint-status-template","bmm","bmm/plan/bmad-sprint-planning/sprint-status-template.yaml","64b1a937e1fe03b8b8d158e3b1caeb89e7d51692a56c16038e2af091decc553a"
"yaml","sprint-status-template","bmm","bmm/ship/bmad-retrospective/scripts/tests/fixtures/sprint-status-template.yaml","64b1a937e1fe03b8b8d158e3b1caeb89e7d51692a56c16038e2af091decc553a"
"csv","design-methods","cis","cis/skills/bmad-cis-design-thinking/design-methods.csv","6735e9777620398e35b7b8ccb21e9263d9164241c3b9973eb76f5112fb3a8fc9"
"csv","innovation-frameworks","cis","cis/skills/bmad-cis-innovation-strategy/innovation-frameworks.csv","9a14473b1d667467172d8d161e91829c174e476a030a983f12ec6af249c4e42f"
"csv","module-help","cis","cis/module-help.csv","0c02169aee8d548ee7b190c16551dc681df217c55b8fffff5fc8ada017f2270f"
"csv","solving-methods","cis","cis/skills/bmad-cis-problem-solving/solving-methods.csv","aa15c3a862523f20c199600d8d4d0a23fce1001010d7efc29a71abe537d42995"
"csv","story-types","cis","cis/skills/bmad-cis-storytelling/story-types.csv","ec5a3c713617bf7e2cf7db439303dd8f3363daa2f6db20a350c82260ade88bdb"
"md","SKILL","cis","cis/skills/bmad-cis-agent-brainstorming-coach/SKILL.md","860459ef7c28c3a5861ae5dd6ff53e2f87fa43901acfcf7b524afc611278de1c"
"md","SKILL","cis","cis/skills/bmad-cis-agent-creative-problem-solver/SKILL.md","eab0d9662c7ba99774ac45805d4419db59d1f84cbe6499924a20182dc2cb32e4"
"md","SKILL","cis","cis/skills/bmad-cis-agent-design-thinking-coach/SKILL.md","e2611021ded7161188f3613b64bd26e557cf20fbf023c7b861844c93172ad1b1"
"md","SKILL","cis","cis/skills/bmad-cis-agent-innovation-strategist/SKILL.md","cb8fd68775532a5a4178f59ab23cee95a4f6f155ad0d84e3d207272d35dbb03f"
"md","SKILL","cis","cis/skills/bmad-cis-agent-presentation-master/SKILL.md","27fadd1a53fd683b77550a3434457b311e440ab383dbfccdf485ea760879e1d4"
"md","SKILL","cis","cis/skills/bmad-cis-agent-storyteller/SKILL.md","ef1f6fa2230e6f06b7259d5a1afc561392558edf08e9e9ffdc23d7e8251de17e"
"md","SKILL","cis","cis/skills/bmad-cis-design-thinking/SKILL.md","75983974d6c478cb0fd3dd75741195f5cd0a6ea131cc3826451b0014dbbc6012"
"md","SKILL","cis","cis/skills/bmad-cis-innovation-strategy/SKILL.md","96733f78f71ded2bc606a65835ecc89c7155422938a4c52ed6921f9c8d763d53"
"md","SKILL","cis","cis/skills/bmad-cis-problem-solving/SKILL.md","7e1efb075c50e4efb79abfe0b3173e2d0eb42a484912e95288799d4aaed289f0"
"md","SKILL","cis","cis/skills/bmad-cis-storytelling/SKILL.md","a5db494b103a02307fd81f9fcb7862c87e32f6f8f9df4c7988e122c07bb2a3fd"
"md","template","cis","cis/skills/bmad-cis-design-thinking/template.md","7834c387ac0412c841b49a9fcdd8043f5ce053e5cb26993548cf4d31b561f6f0"
"md","template","cis","cis/skills/bmad-cis-innovation-strategy/template.md","e59bd789df87130bde034586d3e68bf1847c074f63d839945e0c29b1d0c85c82"
"md","template","cis","cis/skills/bmad-cis-problem-solving/template.md","6c9efd7ac7b10010bd9911db16c2fbdca01fb0c306d871fa6381eef700b45608"
"md","template","cis","cis/skills/bmad-cis-storytelling/template.md","461981aa772ef2df238070cbec90fc40995df2a71a8c22225b90c91afed57452"
"toml","customize","cis","cis/skills/bmad-cis-agent-brainstorming-coach/customize.toml","144d8e5800212c6f3043b9a72007935d675450605efd4411e4cf811cdcbd9539"
"toml","customize","cis","cis/skills/bmad-cis-agent-creative-problem-solver/customize.toml","490ba2b2fec853b1e796ba8ad5e9afdef3ae95d8c46a16142c369b655f104a19"
"toml","customize","cis","cis/skills/bmad-cis-agent-design-thinking-coach/customize.toml","8f541d867ba9edbb92357df2b55743743983841d37271bd167bd770ce77aed38"
"toml","customize","cis","cis/skills/bmad-cis-agent-innovation-strategist/customize.toml","a00e1494855d6eb40ed288542fafdbb6276225b18203954fd4d9ab970cc55091"
"toml","customize","cis","cis/skills/bmad-cis-agent-presentation-master/customize.toml","9988c3dd6a3e4a270f14df1a35de5d517da7257b71a1cbb62bab72371a67ba67"
"toml","customize","cis","cis/skills/bmad-cis-agent-storyteller/customize.toml","ea7a4e1d5c97907daf97a0f88ec5d864c3471d23423cf08b83ffa08b9c28cab7"
"toml","customize","cis","cis/skills/bmad-cis-design-thinking/customize.toml","304fa99b54c627f41e60fd9b80043edbbf2d8ea9cf042f081ae03f50f387a7bd"
"toml","customize","cis","cis/skills/bmad-cis-innovation-strategy/customize.toml","0a11d3f62fd2b8782295652d5c608480cf38d597ed352c9cf9e7c62177ef261e"
"toml","customize","cis","cis/skills/bmad-cis-problem-solving/customize.toml","4314eb4f297d58bf383c57a9cbf608270d065e62ab9456544b4c337f12c42392"
"toml","customize","cis","cis/skills/bmad-cis-storytelling/customize.toml","10cbc4a4e3c5a65a9f1de7f8a21835962343c1638a3513142dbbeb4dc524f861"
"yaml","config","cis","cis/config.yaml","5f9f0790a39e26e63ce8236ee79a17a4cfb920cee1e16fb5902a9542ffb30a3a"
"toml","config","config.toml","config.toml","817ec47deb58df293850fafb2b79c6133ba9f20ba8367ec82dfcadc63d58827f"
"toml","config.user","config.user.toml","config.user.toml","537f7324765ed7e1964017e17a6959e4deffa0615113c21a99c536fc46dbff12"
"csv","brain-methods","core","core/bmad-brainstorming/assets/brain-methods.csv","fff112eabca1a9cb8b190f8314bc47678becc5782a2372e11c83daa0e33b6dfd"
"csv","methods","core","core/bmad-advanced-elicitation/assets/methods.csv","d110ff5f076fb9421552b83692fde2c2d367734049169c7a55f7267a3dc7ef89"
"csv","module-help","core","core/module-help.csv","3d5feb19c1750d35676530c746a5c71e8959616f3c32fb161847971611d81b6b"
"html","brain-selector","core","core/bmad-brainstorming/assets/brain-selector.html","c110919a3366bd96061f050f98503e3586185e3d1df5ff8b62a5a046c571a436"
"json","brain-icons","core","core/bmad-brainstorming/assets/brain-icons.json","a101c56e89f1d0f9e4131dfdfc19e10c746e3a61c3f92537d04a6f4897b7d331"
"md","academic-lit","core","core/bmad-deep-recon/types/academic-lit.md","514b0b7b1184cb95363dedeb0c2298a9bf5c430c74146fe2114f31780fadb325"
"md","competitive","core","core/bmad-deep-recon/types/competitive.md","39b53df87d295fdc4388719fcdf31ad2221e64afc136e669207f46d2727a3aec"
"md","converge","core","core/bmad-brainstorming/references/converge.md","1528c32ddc64f8061fec663306f7208d2fd4d4a90e660552b8138bda7e452dc0"
"md","create-party","core","core/bmad-party-mode/references/create-party.md","2f810332c36c17d14eb55717aed48f3020acf0713bb9f932479be9fbc3856e9e"
"md","domain","core","core/bmad-deep-recon/types/domain.md","3a34b2e62c3589f8c8d01158357ee9fba32648c9fdfe70035bb3ca971862896b"
"md","draft","core","core/bmad-deep-recon/references/draft.md","ac19b33a00ca529c3281df6076f87a833a3b11fc30915ca2c6e7590f7986b90e"
"md","editorial-common","core","core/bmad-review/references/editorial-common.md","f0cdc72ea345b2c5dc3001477b3dfcc909ca11b78f7db8865b6763d18ffc66c8"
"md","finalize","core","core/bmad-brainstorming/references/finalize.md","b6074e7fb4d86ffcf899abc50b9049b4a1f6fe550917f4be7a1c7a888477e07e"
"md","finalize","core","core/bmad-deep-recon/references/finalize.md","d2ba4bee615dfbca6e7725179fb5ebd856dd34a54ba3f306e25255dfd7b1d126"
"md","headless","core","core/bmad-brainstorming/references/headless.md","b8ea5951199cff7e4813e06aef35683ca0658230fa015e358cacc466b1138a42"
"md","html-briefing","core","core/bmad-deep-recon/references/html-briefing.md","cd3a88c1a5505fa7f1b715afc3adb34f3d64ade66f4c6b49a59f7e8cfcbe38d4"
"md","in-chat-techniques","core","core/bmad-brainstorming/references/in-chat-techniques.md","18239464e3e4f00ea9063d015d26d6b0a696b72e7e3c5be92352da6db9a3f244"
"md","lens-adversarial","core","core/bmad-review/references/lens-adversarial.md","7c5ce97ab2f3ecb96ceb6aa76417f68c1b7df535edd3cc51666d8e1216e6e557"
"md","lens-edge-case-hunter","core","core/bmad-review/references/lens-edge-case-hunter.md","f2709e3adb40943ea0f19d0797be379caf0875eaef9a55081dc1e170e8288b68"
"md","lens-prose","core","core/bmad-review/references/lens-prose.md","4cbcb1eaea8567d272f5db7c6cdfd74ed5a8aae6831053cb2f01cbfc2cb98b98"
"md","lens-structure","core","core/bmad-review/references/lens-structure.md","98c08221f517133e57ef6325013935360c3365ebd7dcb8411b2050d7df507ee3"
"md","lens-verification-gap","core","core/bmad-review/references/lens-verification-gap.md","e7123d81171eeeee1b3782d13d94c2988969fe357dd71949131a5eb97803e2c6"
"md","lifecycle","core","core/bmad-deep-recon/references/lifecycle.md","2315fd9cb9223504639616b861ad593bfecb53d605efbd598ae2cf94fb6c4cdf"
"md","market","core","core/bmad-deep-recon/types/market.md","81ac04499da441857672e29fcd7169436a7e239e67194288ac0d526ec514cb5e"
"md","mode-agent-team","core","core/bmad-party-mode/references/mode-agent-team.md","def759a17f4bb45463b68fb74c2b828b0a4241720b2b6cc1c9c611a1016ae9d7"
"md","mode-auto","core","core/bmad-party-mode/references/mode-auto.md","a37fd24f76dfcde385890d5c5947bb6f40ca44bea86c805d267b6ae3aab39f70"
"md","mode-autonomous","core","core/bmad-brainstorming/references/mode-autonomous.md","d815d2c7f0f8cc0cdfa7c619eaf61f59fd78142f13c69365eda257da38b97bdf"
"md","mode-facilitator","core","core/bmad-brainstorming/references/mode-facilitator.md","1b908498d285d190859aed00c3ba5b399d7f6aa8e94d54e95456d15cd6fe6073"
"md","mode-partner","core","core/bmad-brainstorming/references/mode-partner.md","caa0ed378c116def4de382f4e5a95173c6ae6cc5464f1792e7d8196360f79c8a"
"md","mode-subagent","core","core/bmad-party-mode/references/mode-subagent.md","86161b24a0b13b8f9cb9309042e4249d8caefff8cc33728b084cd2ec22f9d2e1"
"md","party-memory","core","core/bmad-party-mode/references/party-memory.md","800b4b4b920bb881a7b32aaabca8559a98273799b2476d83a23e290e301fb315"
"md","process","core","core/bmad-deep-recon/references/process.md","9017d04774807a29103ea97331e555e2793f90098af65752b72f3ee09df85906"
"md","README","core","core/v6-shims/README.md","017900bb03baeddc0262041a6aa85bce744e8c45991dcde32ef042f9bc2a32b2"
"md","research.template","core","core/bmad-deep-recon/assets/research.template.md","87d7cfa85fa5036b5a309b7bfb88f7934f50bb81f3cff02d2b49b4c7345cfc38"
"md","resume","core","core/bmad-brainstorming/references/resume.md","0f79535d72eefe6c55bd5ae47fe4753de8d27235cf129f10b2c596a124c26526"
"md","run","core","core/bmad-deep-recon/references/run.md","8e259dc88820ac989c79620af5c37e24f00df21ac4af308ce3563c0e66c9406c"
"md","selection","core","core/bmad-deep-recon/references/selection.md","2b488c08f9550afe7fda32c2dc5d4591927afd7b9ad507fcce0ae8593c4b9d31"
"md","SKILL","core","core/bmad-advanced-elicitation/SKILL.md","23a1f2903f6a19255e3ceae798afe48f6394694769b3b034502d174d683612b2"
"md","SKILL","core","core/bmad-brainstorming/SKILL.md","e9cb07fe86aa254f9fb7217720d77fd693bf66a0c01af8114ecdf7148159fdd1"
"md","SKILL","core","core/bmad-customize/SKILL.md","a42086f90024013e2611503eb0224ac0e90b2aecac44a886ae0e38cfdda69511"
"md","SKILL","core","core/bmad-deep-recon/SKILL.md","dce5f7db03094a617cc3fcae1711b1dc7ccebe379376e67216544956d375f0d2"
"md","SKILL","core","core/bmad-forge-idea/SKILL.md","a838096deb871b3482dffe6163be16104f7911698b25af5617751655fd3295c9"
"md","SKILL","core","core/bmad-help/SKILL.md","68a19089a0073b299c705e9afaa8d18183e78f88a185a68e9efba2e14062effc"
"md","SKILL","core","core/bmad-party-mode/SKILL.md","de035b4e081fdd626a20114178f706ac222f519171d82b02139a7cec561a3487"
"md","SKILL","core","core/bmad-review/SKILL.md","144e6c46d9157f7a88722c56139cd78c12903b1283ed84dd9c2b1f5dfa7673c1"
"md","SKILL","core","core/v6-shims/bmad-editorial-review/SKILL.md","3b939876b4977bec7f2d3ee33a8871b266f25efc72768d72868ac26ff9158cd2"
"md","SKILL","core","core/v6-shims/bmad-editorial-review-prose/SKILL.md","153e7b0a240c3f5e49d6128ff1797aabc368618611d895f7f152e73fbcb12fab"
"md","SKILL","core","core/v6-shims/bmad-editorial-review-structure/SKILL.md","5e45da216b00aad3955a7196df6cb8e52167f441d2dcd7c064983881691bf1e8"
"md","SKILL","core","core/v6-shims/bmad-review-adversarial-general/SKILL.md","ca1d05a05eb41ec446abd862e9afe4a88b9188a3bb93bc3e70ca68ecb8740619"
"md","SKILL","core","core/v6-shims/bmad-review-edge-case-hunter/SKILL.md","f9db1d7f58c5e3f7586c10c920d4dd9d6c6d6e2dff5cd49110ec1edb387937a1"
"md","SKILL","core","core/v6-shims/bmad-review-verification-gap/SKILL.md","4ee67cc3d7355ba05d195797cb2d57d45f9046ee31781f2d133ff3484cfb53ae"
"md","structure-models","core","core/bmad-review/references/structure-models.md","f84f85070e1af75f2482757aba9d37d69d805a20826d185527e598f2ba6b9292"
"md","synthesis","core","core/bmad-deep-recon/references/synthesis.md","4d9ef1247ab45241f919010e94c99699abc0a6e18b5bd68fa93ae54afe59d172"
"md","technical","core","core/bmad-deep-recon/types/technical.md","55f71428c70547b89d67ef0c6cdad59caeb0ee21082cd1230c05618ba8d04707"
"md","user-voice","core","core/bmad-deep-recon/types/user-voice.md","1831ce46e53e8c68244d28e336c5ef9e53e64f21a00b74a817b9b2924c1e8e72"
"md","verification","core","core/bmad-deep-recon/references/verification.md","0393ded4828fec69a4819d7236827910d641d09c3b61144c0211a9a78776fdd2"
"py","brain","core","core/bmad-brainstorming/scripts/brain.py","1c75c667fc70a85055dd19d77fb21478e190874e4a61d070c3b0971dd1bd25cc"
"py","list_customizable_skills","core","core/bmad-customize/scripts/list_customizable_skills.py","8787f542930b927789e7fdf12bc5a67ff08e19865903a5ad05ff2cc8fc426b66"
"py","pick_methods","core","core/bmad-advanced-elicitation/scripts/pick_methods.py","60020ec4767894ea3d8707c4b61e78b679d434315be1dd29154bf64d88126fff"
"py","recon_kit","core","core/bmad-deep-recon/scripts/recon_kit.py","8cb5187b5114b779532907383a013d40fdea1022bb9bed9a23bd8d0fdfa79e8c"
"py","resolve_party","core","core/bmad-party-mode/scripts/resolve_party.py","0bed5ad2139f4412699c07d571c218470901b901ca4a72b441ec9308dbc8ce74"
"py","resolve_personas","core","core/bmad-forge-idea/scripts/resolve_personas.py","b3e5f2f38de013ad878d8ac9c1d4e77d555c2d665dd6c0bc16f9f567d2bbd30c"
"py","test_brain","core","core/bmad-brainstorming/scripts/tests/test_brain.py","021c0b9fae8db859725312d50d8b304fff00ee7acc310699c35523e86bffbdd8"
"py","test_list_customizable_skills","core","core/bmad-customize/scripts/tests/test_list_customizable_skills.py","24c3d384b3b5d490b7335c17866bfe0425af253ce669c32382fa88feb705934d"
"py","test_pick_methods","core","core/bmad-advanced-elicitation/scripts/tests/test_pick_methods.py","610099d8494529f9203d7262567810b500552bcef006b3b6388d58da3da71978"
"py","test_recon_kit","core","core/bmad-deep-recon/scripts/tests/test_recon_kit.py","1b4ddf482dd2d11a214ee2f821c35d7a8c41905b5d8d9cc69a293304bb8a1665"
"py","test_resolve_party","core","core/bmad-party-mode/scripts/tests/test_resolve_party.py","bb53fe03ec3013ed96c0fb399c1948f28bcf55cb2d7727fe0189343fcaa667d5"
"py","test_resolve_personas","core","core/bmad-forge-idea/scripts/tests/test_resolve_personas.py","1c4fa4b1d68bfbd10e4b38cad3c8286dad62345cebd08fe94a6862351b02855e"
"py","test_word_metrics","core","core/bmad-review/scripts/tests/test_word_metrics.py","3b5a285d3c9f611b3cda8c9c1d52d6b214c1f72e6e64a94ea5b0e220db5a8765"
"py","word_metrics","core","core/bmad-review/scripts/word_metrics.py","fb45007a7f3cfc18d13ee8bd4787facdaae297570193bc769456297dd33da78b"
"toml","customize","core","core/bmad-advanced-elicitation/customize.toml","735a276edd51786ccfd2c3417d9a2b9dee4244a6102698981b3888f68d979ed9"
"toml","customize","core","core/bmad-brainstorming/customize.toml","21fcbc60c78db99ca0424da192ba0942dce2189f350f77838e4d3ecd501edd1c"
"toml","customize","core","core/bmad-deep-recon/customize.toml","24d1383066034fd4fcf282279aaf0d29d21910fd1247dfe3dbad74a70e78814d"
"toml","customize","core","core/bmad-forge-idea/customize.toml","ef5fadd1df3550cae00b1b442606bf84d187bfd55397563f143e1057430df45c"
"toml","customize","core","core/bmad-party-mode/customize.toml","9c6ee33cd7fdd80e4adf514c3d54636d933d5250c2ddd78041c6cfe73b745bb0"
"toml","customize","core","core/bmad-review/customize.toml","38470c888a809ee030dc11d38868bb1ac5c1d547f06d218b711be5df53385c00"
"toml","customize","core","core/v6-shims/bmad-editorial-review/customize.toml","a5c5fed539e6543121e57cc29bb65559bb6391efc806bf8759c8e29697a94a34"
"yaml","config","core","core/config.yaml","0bfb9e45cab0ed8e4e95910d52dd9190c7643fd9086b9ef76e6aa9b965f84493"
"yaml","config","lite","lite/config.yaml","09886dd246010f6dd8053ef0a8782841d40aa78d1791f4acdbb41f93dffa5bdc"
"file",".gitignore","render","render/.gitignore","240a3e0d37d2e86b614063f5347eb02d4f99ca6c254de6b82871ff8d95532a7d"
"py","config_utils","scripts","scripts/config_utils.py","48afe2bc18a29201e343cce3703be1e70df9c83ee74eeb68e57ef8ef42e8c651"
"py","memlog","scripts","scripts/memlog.py","3b00f82ca33dc4227f715123b939514ee35c4f9c71150c894c3d8185df1b48df"
"py","render_skill","scripts","scripts/render_skill.py","8496d0d8b449d64c21b42a9aab3b13fc8a813a430c0695ffd84ad75bb1da7942"
"py","resolve_config","scripts","scripts/resolve_config.py","fc78866fd42862d486d4346d2b35705f916a19e6c07bb474f8add25c71734a8e"
"py","resolve_customization","scripts","scripts/resolve_customization.py","9b5124e0b781823a015a19d6cf5db52bbc34b6bab41c036fd1b3d464c2a137cd"
